ID,Description,Entry_ID
1-1,Alay.bulay,1
2-1,Alimagomed,2
3-1,God,3
4-1,Amirhanza,4
5-1,Arsen,5
6-1,Asakh,6
7-1,Asakh.people,7
8-1,Akhmed,8
9-1,Batsali,9
10-1,Bakhumesed,10
11-1,Bilqisdi,11
12-1,Tsetlo,12
13-1,Tsirdukh,13
14-1,Tsighruk,14
15-1,Shaytl.people,15
16-1,Goqi,16
17-1,Georgia,17
18-1,Ismail,18
19-1,Kidero,19
20-1,Kidero.people,20
21-1,Kusa,21
22-1,Kiti,22
23-1,Mamali.Magomed,23
24-1,Maryam,24
25-1,Magomed,25
26-1,Ma'ati,26
27-1,Metrada.people,27
28-1,Mirza,28
29-1,Musa,29
30-1,Musaqilich,30
31-1,Muhammad,31
32-1,Mokok.people,32
33-1,Oku,33
34-1,Ohoyo,34
35-1,Oshkori,35
36-1,Fatima,36
37-1,Pakhrudin,37
38-1,Qamarday,38
39-1,Qartay,39
40-1,Khebatli.people,40
41-1,Qudi,41
42-1,Qarum,42
43-1,Qur'ân,43
44-1,Ramazan,44
45-1,Razhbadin,45
46-1,Rixox,46
47-1,Ruqiyat,47
48-1,Salihat,48
49-1,Tabuldi,49
50-1,Tavadi,50
51-1,Telavi,51
52-1,Tbilisi,52
53-1,Umukus,53
54-1,Khaluma,54
55-1,Khantu,55
56-1,ERG,56
56-2,IN.ESS,56
57-1,Q,57
58-1,bring.IMP,58
58-2,marry.IMP,58
59-1,INF,59
59-2,PST.WIT.INT,59
60-1,devil,60
61-1,door,61
62-1,TERM,62
63-1,TERM,63
64-1,bother,64
65-1,door,65
66-1,door,66
67-1,eat,67
68-1,glut.oneself.with,68
69-1,before,69
69-2,in.front,69
70-1,before,70
71-1,esteem,71
72-1,respect,72
73-1,push.forward,73
74-1,before,74
74-2,earlier,74
74-3,forward,74
75-1,fulfilled,75
76-1,naked,76
77-1,ahead,77
77-2,earlier,77
78-1,ahead,78
78-2,before,78
79-1,before,79
80-1,ahead,80
80-2,before,80
81-1,ahead,81
81-2,before,81
82-1,ahead,82
83-1,before,83
84-1,in.front.of,84
85-1,lick,85
86-1,wear.out,86
87-1,lick.up,87
88-1,people,88
89-1,hook,89
90-1,call.for.prayer,90
91-1,window,91
92-1,tire,92
93-1,get.tired,93
94-1,tired,94
95-1,windows.and.doors,95
96-1,yard,96
97-1,cheese,97
98-1,construction.tools,98
99-1,ATTR,99
100-1,white,100
101-1,paradise,101
102-1,order,102
103-1,but,103
104-1,command,104
105-1,FUT.CVB,105
105-2,FUT.DEF,105
106-1,MSD,106
107-1,knee,107
108-1,be.NEG,108
108-2,be.absent,108
109-1,NEG,109
110-1,week,110
111-1,week,111
112-1,newcomer,112
113-1,female,113
114-1,one.year.old.lamb,114
115-1,urine,115
116-1,sew,116
117-1,foreign,117
117-2,strange,117
118-1,increase,118
119-1,grow.up,119
119-2,increase,119
120-1,grow.up,120
121-1,many,121
121-2,much,121
122-1,many,122
122-2,much,122
123-1,torture,123
124-1,cover,124
124-2,sit,124
125-1,IN.LAT,125
126-1,branch,126
127-1,vodka,127
128-1,fog,128
128-2,sky,128
129-1,FUT2,129
130-1,measure,130
131-1,RES.PRT,131
132-1,army,132
133-1,the.peace...,133
134-1,peace...,134
135-1,light,135
135-2,touch,135
135-3,touch.with,135
136-1,dough,136
136-2,wheat,136
137-1,moisten,137
138-1,wet,138
139-1,become.wet,139
140-1,mouse,140
141-1,joy,141
142-1,house,142
143-1,prophet,143
144-1,belly,144
145-1,giblets,145
146-1,drop,146
147-1,no,147
148-1,IN.ABL,148
149-1,come,149
149-2,must,149
150-1,bring,150
150-2,call,150
150-3,lead,150
151-1,spread,151
152-1,IN.ESS.DIST,152
153-1,IN.VERS.DIST,153
154-1,IN.LAT.DIST,154
155-1,IN.ABL.DIST,155
156-1,palace,156
157-1,freeze.to.death,157
158-1,RES.PRT.OBL,158
159-1,harvest,159
160-1,pine,160
161-1,thirst,161
162-1,be.thirsty,162
163-1,NEG.FUT.DEF,163
164-1,handle,164
165-1,lay,165
166-1,alarm,166
167-1,cook,167
168-1,rock,168
169-1,cook.thoroughly,169
170-1,hubbub,170
170-2,rumor,170
171-1,walk.around,171
172-1,walk.for.a.while,172
173-1,shepherd,173
174-1,again,174
175-1,ear,175
176-1,hug,176
177-1,hug,177
178-1,embrace,178
179-1,skirt,179
180-1,grow,180
181-1,belt,181
181-2,waist,181
182-1,belt,182
183-1,dragon,183
184-1,dragon.snake,184
185-1,tree,185
186-1,recompense,186
187-1,scold,187
187-2,talk,187
188-1,cheat,188
189-1,scold,189
190-1,bird,190
191-1,hollow,191
191-2,perforated,191
192-1,birds.and.insects,192
193-1,IN.VERS,193
194-1,open,194
195-1,cowshed,195
196-1,mill,196
197-1,be.full,197
198-1,wheel,198
199-1,eat.until.one.is.full,199
200-1,hole.ridden,200
201-1,I.PL,201
201-2,III,201
202-1,daddy,202
203-1,dad,203
204-1,father,204
205-1,father.and.son,205
206-1,clean,206
207-1,clean,207
208-1,cleanness,208
209-1,clean,209
210-1,price,210
211-1,hero,211
212-1,excuse,212
213-1,gathering,213
214-1,gathering,214
215-1,enclosure,215
216-1,misfortune,216
217-1,maturity,217
218-1,Bolshevik,218
219-1,jar,219
220-1,pity,220
221-1,thank,221
222-1,blessed,222
223-1,wife,223
224-1,wifehood,224
225-1,wife.and.children,225
226-1,seperation,226
227-1,other,227
228-1,different,228
228-2,various,228
229-1,different,229
229-2,various,229
230-1,various,230
231-1,success,231
232-1,definition,232
232-2,information,232
232-3,specification,232
233-1,begin,233
234-1,field,234
234-2,plain,234
235-1,bazar,235
236-1,merchant,236
237-1,fiancé,237
238-1,fiancée,238
239-1,brave.young.man,239
240-1,brave,240
241-1,braveness,241
242-1,hound,242
243-1,secretly,243
244-1,secret,244
245-1,finger,245
246-1,equality,246
247-1,ring,247
248-1,fireplace,248
249-1,begin,249
250-1,skill,250
251-1,able,251
252-1,skill.and.talent,252
253-1,garden,253
254-1,garden.OBL,254
255-1,blind,255
256-1,blind,256
257-1,perhaps,257
258-1,permit,258
259-1,beautiful,259
260-1,good,260
260-2,well,260
261-1,good,261
261-2,well,261
262-1,beauty,262
263-1,ice,263
264-1,marriage,264
265-1,orphan,265
265-2,step,265
266-1,step,266
267-1,orphan,267
267-2,step,267
268-1,orphanhood,268
269-1,fish,269
270-1,fisherman,270
271-1,life,271
272-1,master,272
273-1,lengthy,273
274-1,work,274
275-1,wealthy.man,275
276-1,wealthy,276
277-1,riches,277
278-1,knee,278
279-1,deer,279
279-2,hunting,279
279-3,wild.goat,279
280-1,hunter,280
281-1,hunter,281
282-1,maybe,282
283-1,PL,283
284-1,easy,284
285-1,hide,285
286-1,snake,286
287-1,plow.and.yoke,287
288-1,distance,288
289-1,next,289
290-1,thither,290
291-1,because.of,291
292-1,move,292
293-1,everywhere,293
294-1,around,294
294-2,everywhere,294
295-1,true,295
296-1,truely,296
297-1,be.straight,297
298-1,grass,298
298-2,hay,298
299-1,angry,299
300-1,pick,300
301-1,explain,301
301-2,understand,301
302-1,understanding,302
303-1,food,303
304-1,food,304
305-1,eating.and.drinking,305
306-1,food,306
307-1,hundred,307
308-1,hundreds,308
309-1,food,309
310-1,???,310
311-1,eight.OBL,311
312-1,eight,312
313-1,belly,313
314-1,eight.to.ten,314
315-1,eight.to.nine,315
316-1,eight.to.nine.OBL,316
317-1,share,317
318-1,hot,318
319-1,wolf.PL,319
320-1,wolf,320
321-1,trap,321
322-1,meal,322
323-1,night,323
324-1,fur.coat,324
325-1,period,325
326-1,flight,326
326-2,fly,326
327-1,stone,327
328-1,reliable,328
329-1,half,329
330-1,half,330
331-1,middle,331
332-1,between,332
333-1,any,333
334-1,month,334
334-2,moon,334
335-1,budalay,335
336-1,muezzin,336
337-1,slander,337
338-1,sun,338
339-1,sunset,339
340-1,Muslim,340
341-1,burka,341
342-1,part,342
343-1,heat,343
344-1,hope,344
345-1,believe,345
345-2,convince,345
345-3,trust,345
346-1,trust,346
347-1,stock.bull,347
348-1,dagger,348
349-1,poplar,349
350-1,pig,350
351-1,sheep,351
352-1,sheep,352
353-1,sheep.and.cattle,353
354-1,larder,354
355-1,hoof,355
356-1,beak,356
357-1,write,357
358-1,draw,358
358-2,shoot.with,358
358-3,stick,358
358-4,sting,358
358-5,throw,358
359-1,scatter,359
360-1,EQU1,360
361-1,name,361
362-1,sparrow,362
363-1,goat.kid,363
364-1,corner,364
365-1,eagle,365
366-1,Tsez,366
367-1,name,367
368-1,malice,368
369-1,forest,369
370-1,somewhere,370
371-1,everywhere,371
372-1,salt,372
373-1,incite,373
374-1,unity,374
375-1,unite,375
376-1,bury,376
376-2,put,376
377-1,be.buried,377
378-1,be.stuck,378
379-1,corpse,379
380-1,barrel,380
381-1,upward,381
382-1,jumping,382
383-1,wander,383
384-1,much,384
384-2,too,384
384-3,very,384
385-1,excellent,385
386-1,crack,386
387-1,building.material,387
388-1,eyelash,388
389-1,clew.and.bundle,389
390-1,pinch,390
391-1,bow,391
392-1,heat.up,392
393-1,fire,393
394-1,all,394
394-2,entire,394
395-1,tweet,395
396-1,tsiwliwit,396
397-1,blacksmith,397
398-1,shoulder.blade,398
399-1,clever,399
400-1,cleverness,400
401-1,thief,401
402-1,consider,402
403-1,scold,403
404-1,scandal,404
405-1,pointed,405
406-1,hit,406
406-2,lie,406
406-3,match,406
406-4,meet,406
406-5,pounce,406
407-1,red,407
408-1,tsunti,408
409-1,guard,409
410-1,tsurun.tsaran,410
411-1,tswanti,411
412-1,INSTR,412
412-2,TERM,412
413-1,COND,413
414-1,leather,414
415-1,a.little,415
416-1,some,416
417-1,decrease,417
418-1,few,418
419-1,dalay,419
420-1,now,420
420-2,only,420
420-3,regularly,420
420-4,soon,420
421-1,together,421
421-2,towards,421
422-1,together,422
422-2,towards,422
423-1,gather,423
424-1,APUD.VERS,424
425-1,trade,425
426-1,trade,426
427-1,lesson,427
428-1,medicine,428
429-1,prey,429
430-1,APUD.ABL,430
431-1,a.bit,431
432-1,APUD.VERS,432
433-1,dispute,433
434-1,wrangle,434
435-1,APUD.ESS,435
436-1,knock,436
437-1,APUD.LAT,437
438-1,me,438
439-1,imam,439
439-2,mullah,439
440-1,how.many,440
440-2,how.much,440
441-1,which,441
442-1,some.sort.of,442
443-1,how,443
444-1,dimbi.dambar,444
445-1,judgement,445
446-1,judge,446
447-1,doctor,447
448-1,earth,448
448-2,world,448
449-1,run,449
450-1,running,450
451-1,trampling,451
452-1,prayer,452
453-1,APUD.VERS.DIST,453
454-1,APUD.ABL.DIST,454
455-1,APUD.VERS,455
456-1,melt,456
456-2,thaw,456
457-1,break,457
458-1,break,458
459-1,break,459
460-1,bring.away,460
461-1,new,461
462-1,hurry,462
463-1,???,463
464-1,be.emitted,464
464-2,break.apart,464
464-3,emit,464
464-4,go.into,464
464-5,go.through,464
464-6,let.go,464
464-7,loosen,464
464-8,stand.still,464
465-1,let,465
465-2,send,465
466-1,stretch.out,466
467-1,hey.hey,467
468-1,spin,468
469-1,we(II.IV).OBL,469
470-1,somewhere.IN.LAT,470
471-1,somewhere.IN.ABL,471
472-1,pigeon,472
473-1,here,473
473-2,there,473
474-1,behold,474
475-1,we,475
475-2,we.SPEC.GEN1,475
476-1,we.SPEC.GEN1.GEN2,476
476-2,we.SPEC.GEN2,476
477-1,there,477
478-1,over.there,478
479-1,there,479
480-1,we(I).OBL,480
481-1,fairy.tale,481
482-1,a.little,482
483-1,DEM3b.SG,483
484-1,such.a,484
485-1,this,485
486-1,that.way,486
487-1,mother,487
488-1,mother,488
489-1,mother.and.daughter,489
490-1,mother.and.son,490
491-1,parents,491
492-1,parents,492
493-1,from.here,493
493-2,here,493
494-1,here,494
495-1,DEM3b.IIPL.OBL,495
496-1,DEM3b.IISG.OBL,496
497-1,put,497
498-1,put,498
498-2,set.up,498
499-1,wash,499
500-1,bathe,500
500-2,swim,500
501-1,tell,501
502-1,ask,502
503-1,beg,503
504-1,beggar,504
505-1,brother,505
505-2,sister,505
506-1,tell,506
507-1,brother,507
508-1,appear,508
508-2,exist,508
508-3,find,508
508-4,have,508
508-5,turn.up,508
509-1,find,509
510-1,find.and.bring,510
511-1,brother,511
511-2,sister,511
512-1,hurry.up,512
513-1,lover,513
514-1,like,514
514-2,love,514
514-3,want,514
515-1,lover,515
516-1,want,516
517-1,set,517
518-1,lay,518
518-2,pour,518
519-1,make.a.bed,519
520-1,spread,520
521-1,here,521
522-1,come.off,522
522-2,jump,522
522-3,part,522
522-4,stay.behind,522
523-1,hack,523
523-2,pull.out,523
524-1,jump.up,524
525-1,gallop,525
525-2,hop,525
526-1,get.rid,526
527-1,long,527
528-1,be.long,528
528-2,become.longer,528
528-3,hang,528
529-1,die,529
530-1,kill,530
531-1,die,531
532-1,slaughter,532
533-1,DUB,533
534-1,work,534
535-1,get.to.work[?],535
536-1,work,536
537-1,fortress,537
538-1,look,538
539-1,show,539
540-1,examine,540
540-2,visit,540
541-1,thick,541
542-1,vomit,542
543-1,get.old,543
544-1,old,544
545-1,grandchild,545
546-1,grandchild,546
546-2,grandfather,546
547-1,cut,547
548-1,stop,548
549-1,pebble,549
550-1,weeding,550
551-1,flow.out,551
552-1,split,552
553-1,bilberry,553
554-1,fall,554
555-1,bake,555
556-1,moisten,556
557-1,drip,557
557-2,leak,557
558-1,drip,558
559-1,dribble,559
560-1,be.located,560
561-1,take.along,561
562-1,big,562
562-2,old,562
563-1,more,563
564-1,win,564
565-1,say,565
566-1,say,566
567-1,teach,567
568-1,winter,568
569-1,leather.sack,569
570-1,last.year,570
571-1,small,571
571-2,young,571
571-3,younger,571
572-1,be.defeated,572
573-1,lose,573
574-1,get.fewer,574
575-1,young,575
576-1,sweat,576
577-1,ATTR,577
578-1,flower,578
579-1,smooth,579
580-1,step,580
581-1,boat,581
582-1,captain,582
583-1,buffalo,583
584-1,bull.calf,584
585-1,merriment,585
586-1,shirt,586
587-1,boots,587
588-1,flour,588
589-1,break,589
590-1,head.over.heals,590
591-1,round,591
592-1,pear,592
593-1,iron,593
594-1,chimes,594
595-1,dust,595
595-2,sand,595
596-1,pole,596
597-1,piece,597
598-1,be.lacking,598
599-1,cruel,599
600-1,COND,600
601-1,village.square,601
602-1,meadow,602
603-1,CNTR,603
604-1,big.hole,604
605-1,haystack,605
606-1,call,606
606-2,invite,606
607-1,escape,607
608-1,back,608
609-1,horse,609
610-1,male,610
611-1,hill,611
612-1,howl,612
613-1,except,613
614-1,crying,614
615-1,pity,615
616-1,plow,616
617-1,dust,617
617-2,smoke,617
618-1,smoke,618
618-2,spell,618
619-1,rock,619
620-1,trampling,620
621-1,hill,621
622-1,thin,622
623-1,illuminate,623
624-1,well,624
625-1,miller,625
626-1,now,626
627-1,people,627
628-1,amazingly,628
629-1,be.amazed,629
630-1,excite,630
631-1,excite,631
632-1,friend,632
633-1,friendship,633
634-1,mouth,634
635-1,face,635
636-1,family,636
637-1,noise,637
637-2,voice,637
638-1,request,638
639-1,request,639
640-1,slowly,640
641-1,request,641
642-1,air,642
643-1,so.many,643
643-2,so.much,643
644-1,now,644
645-1,so.then,645
646-1,hey,646
647-1,hammer,647
648-1,swear,648
649-1,potatoe,649
650-1,as.many,650
650-2,such,650
651-1,such.a,651
652-1,so,652
653-1,DEM4.ISG.OBL,653
654-1,DEM4.IISG.OBL,654
655-1,then,655
656-1,DEM4.IISG.OBL,656
657-1,that.day,657
658-1,apple,658
659-1,sit.down,659
660-1,false,660
661-1,lie,661
662-1,false,662
663-1,liar,663
664-1,upright,664
665-1,upright,665
666-1,take.IMP,666
667-1,stick,667
668-1,later,668
668-2,long.ago,668
669-1,arrow,669
669-2,bullet,669
670-1,greeting,670
671-1,spring.wool,671
672-1,trough,672
673-1,wool,673
674-1,wool,674
675-1,the.most,675
675-2,very,675
676-1,place.comfortably,676
677-1,comb,677
678-1,horseshoe,678
679-1,worry,679
680-1,hayloft,680
681-1,this,681
682-1,that,682
683-1,there,683
684-1,now,684
685-1,fresh,685
686-1,chilliness,686
687-1,carriage,687
688-1,coachman,688
689-1,pull.out,689
690-1,other,690
691-1,come.IMPR,691
691-2,go.IMPR,691
692-1,DEM3.SG,692
693-1,from.there,693
693-2,then,693
694-1,there,694
695-1,from.there,695
696-1,that,696
697-1,there,697
698-1,from.here,698
699-1,here,699
700-1,these.OBL,700
701-1,DEM3.IPL,701
701-2,DEM3.PL,701
702-1,DEM3.IISG.OBL,702
703-1,DEM4.SG,703
704-1,DEM4.PL.OBL,704
705-1,DEM4.PL,705
706-1,now,706
707-1,seperatedly,707
708-1,separately,708
709-1,seperately,709
710-1,next,710
711-1,the.next.day,711
712-1,the.next.day,712
713-1,on.the.next.day,713
714-1,at.night,714
715-1,so,715
715-2,then,715
715-3,though,715
716-1,friend,716
717-1,friendship,717
718-1,nevertheless,718
719-1,nevertheless,719
720-1,day.after.tomorrow,720
721-1,delicious,721
722-1,cordiality,722
723-1,miss,723
724-1,miss,724
725-1,boredom,725
726-1,face,726
727-1,talent,727
728-1,way,728
729-1,jerk,729
730-1,trying,730
731-1,jaws,731
731-2,lip,731
732-1,front.part.of.the.face,732
733-1,and,733
734-1,follow,734
734-2,tie,734
735-1,tie,735
736-1,shelf,736
737-1,fill,737
737-2,hug,737
738-1,fill,738
739-1,home,739
739-2,room,739
740-1,good,740
740-2,much,740
741-1,good,741
741-2,much,741
741-3,very,741
741-4,well,741
742-1,improve,742
743-1,swallow,743
744-1,near,744
745-1,near,745
746-1,approach,746
747-1,nearby,747
748-1,in.the.vicinity,748
749-1,good,749
749-2,pretty,749
749-3,rich,749
750-1,muchly,750
751-1,satisfactory,751
752-1,go,752
753-1,walk,753
754-1,walk.about,754
755-1,burn,755
756-1,pole,756
757-1,tale,757
758-1,faith,758
759-1,cave,759
760-1,mhmhmh,760
761-1,turkey,761
762-1,rejection,762
763-1,human,763
764-1,so.God.will,764
765-1,disgrace,765
766-1,abuse,766
767-1,get,767
767-2,hold,767
768-1,catch,768
768-2,find,768
768-3,stop,768
768-4,take.away,768
768-5,win,768
769-1,find,769
770-1,watch,770
771-1,approach,771
772-1,move.aside,772
773-1,let,773
774-1,heir,774
775-1,bull,775
776-1,buy,776
776-2,take,776
777-1,be.difficult,777
778-1,snow,778
779-1,keep,779
780-1,dining.room,780
781-1,table,781
782-1,conceive,782
783-1,touch,783
784-1,touch,784
785-1,touch,785
786-1,extinguish,786
787-1,spring,787
787-2,torrent,787
788-1,in.spring,788
789-1,take,789
790-1,hang,790
790-2,heal,790
791-1,bag,791
792-1,big,792
793-1,fun,793
794-1,permission,794
795-1,feel,795
795-2,know,795
796-1,blood,796
797-1,explain,797
797-2,find.out,797
797-3,learn,797
797-4,recognize,797
798-1,get,798
798-2,get.up,798
799-1,lift,799
800-1,be.busy,800
800-2,work,800
801-1,go.up.and.down,801
802-1,permission,802
803-1,unrest,803
804-1,be,804
804-2,cease,804
804-3,live,804
804-4,remain,804
804-5,sit,804
804-6,stop.IMP,804
804-7,wait,804
805-1,pause,805
806-1,hand.over,806
806-2,restrain,806
806-3,stop,806
807-1,most,807
808-1,dig,808
809-1,dig,809
810-1,the.most,810
811-1,fight,811
812-1,fight,812
813-1,smear,813
814-1,river,814
815-1,begin,815
815-2,come.to,815
815-3,sit.down,815
816-1,begin,816
816-2,pour,816
817-1,go.back,817
818-1,retain,818
819-1,as,819
820-1,approach,820
820-2,resemble,820
821-1,six.OBL,821
822-1,six,822
823-1,concern,823
824-1,eat,824
824-2,weave,824
825-1,aim,825
826-1,signal,826
827-1,drive.in,827
827-2,lock.up,827
827-3,weave,827
828-1,eat,828
829-1,feed,829
830-1,carry,830
830-2,lead,830
830-3,take.out,830
831-1,plant,831
831-2,plough,831
832-1,get.dressed,832
833-1,dress.up,833
834-1,plunge,834
835-1,bottom,835
835-2,lid,835
836-1,prayer,836
837-1,ablution,837
838-1,get.lost,838
839-1,lose,839
840-1,light,840
841-1,kopeck,841
842-1,miracle,842
843-1,wave.OBL,843
844-1,calico,844
845-1,gate,845
846-1,loop,846
847-1,letter,847
848-1,sleep,848
849-1,sledgehammer,849
850-1,merry,850
851-1,ravine,851
852-1,form,852
852-2,secret,852
852-3,tale,852
853-1,meet,853
854-1,song,854
855-1,left.side,855
856-1,left,856
857-1,hook,857
857-2,proverb,857
858-1,daughter,858
858-2,girl,858
859-1,spring,859
860-1,breast,860
861-1,feed,861
862-1,light,862
863-1,breast,863
864-1,kilometer,864
865-1,even,865
866-1,entire,866
867-1,entire,867
868-1,reward,868
869-1,wallet,869
870-1,earthquake,870
871-1,some,871
872-1,granary,872
873-1,hair,873
874-1,to.the.fireplace,874
875-1,soft,875
876-1,peak,876
877-1,gather,877
877-2,mow,877
878-1,mow.and.collect,878
879-1,beard,879
880-1,forelock,880
881-1,can,881
882-1,understand.to,882
883-1,form,883
884-1,learn,884
884-2,teach,884
885-1,cradle,885
886-1,oat.flour,886
887-1,help,887
888-1,assistants,888
889-1,assistant,889
890-1,erect,890
890-2,exhale,890
890-3,shoot.from,890
890-4,spread.out,890
890-5,throw,890
891-1,falcon,891
892-1,beardless.man,892
893-1,too.much,893
894-1,right.side,894
895-1,right,895
896-1,defecate,896
897-1,sleeve,897
898-1,demolish,898
899-1,trouble,899
900-1,swimming,900
901-1,perforated.spoon,901
902-1,obstacle,902
903-1,be.late,903
904-1,be.late,904
905-1,quickly,905
905-2,soon,905
906-1,soon,906
907-1,hand,907
908-1,constriction,908
909-1,fast,909
910-1,thread,910
911-1,bandit,911
912-1,speech,912
913-1,search,913
914-1,search,914
915-1,moving,915
916-1,move,916
917-1,move,917
918-1,wooden.case,918
919-1,egg,919
920-1,gullet,920
921-1,cat,921
922-1,pearl,922
923-1,foal,923
924-1,play,924
925-1,tooth,925
926-1,frighten,926
927-1,run.away,927
928-1,stick,928
929-1,bunch,929
930-1,ball,930
931-1,foot,931
931-2,leg,931
932-1,oatmeal,932
933-1,become.shorter,933
934-1,short,934
935-1,short,935
936-1,again,936
936-2,twice,936
937-1,twice.or.thrice,937
938-1,jump,938
938-2,run,938
939-1,run,939
940-1,puppy,940
941-1,vine,941
942-1,cap,942
943-1,news,943
943-2,side.street,943
944-1,Kuruch,944
945-1,groan,945
946-1,be.lazy,946
947-1,can,947
948-1,END,948
949-1,body,949
950-1,spread,950
951-1,conscience,951
951-2,shame,951
952-1,shameful,952
953-1,splinter,953
954-1,flare,954
955-1,VOC,955
956-1,slave,956
957-1,hey,957
958-1,feather,958
958-2,wing,958
959-1,feather,959
960-1,paw,960
961-1,river.bank,961
961-2,strap,961
962-1,liter,962
963-1,be.lame,963
964-1,door,964
964-2,gate,964
964-3,outside,964
964-4,yard,964
965-1,outside,965
966-1,outside,966
967-1,neighbor,967
968-1,neighbourhood,968
969-1,bread,969
970-1,shop,970
971-1,wedding,971
972-1,ruse,972
973-1,persuade,973
974-1,angel,974
975-1,villain,975
976-1,rooster,976
977-1,distance,977
978-1,barley,978
979-1,far.away,979
980-1,melody,980
981-1,twilight,981
982-1,pearl,982
983-1,task,983
984-1,duck,984
985-1,joke,985
986-1,skill,986
987-1,skill,987
988-1,clearance,988
989-1,outside,989
990-1,dagger,990
990-2,saber,990
991-1,dagger,991
992-1,smell,992
992-2,spirit,992
993-1,might,993
994-1,tail,994
995-1,fortune,995
996-1,court,996
997-1,outside,997
998-1,mosque,998
999-1,pretty,999
1000-1,lovely,1000
1001-1,beauty,1001
1002-1,fortune,1002
1003-1,sense,1003
1004-1,language,1004
1004-2,tongue,1004
1005-1,enclosure,1005
1006-1,hand,1006
1007-1,hand,1007
1008-1,flame,1008
1009-1,hunger,1009
1010-1,hunger,1010
1011-1,be.hungry,1011
1012-1,hunger.and.thirst,1012
1013-1,incorrectly,1013
1014-1,wrong,1014
1015-1,gold,1015
1016-1,piece.of.meat,1016
1017-1,birch,1017
1018-1,son.in.law,1018
1019-1,instead,1019
1019-2,instead.of,1019
1020-1,instead,1020
1020-2,instead.of,1020
1021-1,neck,1021
1022-1,hug,1022
1023-1,broom,1023
1024-1,bull.calf,1024
1025-1,moustache,1025
1026-1,heifer,1026
1027-1,broom,1027
1028-1,you(II.IV).PL.OBL,1028
1029-1,you.PL,1029
1030-1,you(I).PL.OBL,1030
1031-1,udder,1031
1032-1,you,1032
1033-1,money,1033
1033-2,silver,1033
1034-1,money.and.gold,1034
1035-1,minaret,1035
1036-1,minute,1036
1037-1,problem,1037
1038-1,poor,1038
1039-1,poor,1039
1040-1,poor,1040
1041-1,poverty,1041
1042-1,time,1042
1043-1,at.a.time,1043
1043-2,late.at.night,1043
1044-1,obstacle,1044
1045-1,ram,1045
1046-1,peach.OBL,1046
1047-1,fat,1047
1048-1,ERG,1048
1049-1,night,1049
1050-1,granary,1050
1051-1,tear,1051
1052-1,field,1052
1052-2,place,1052
1053-1,teach,1053
1054-1,dream,1054
1054-2,sleep,1054
1055-1,bridle,1055
1056-1,birthmark,1056
1057-1,granule,1057
1058-1,salary,1058
1059-1,agree,1059
1059-2,confess,1059
1059-3,persuade,1059
1060-1,benefit,1060
1061-1,line,1061
1062-1,gulp,1062
1063-1,wish,1063
1064-1,needle,1064
1065-1,needle,1065
1066-1,hair,1066
1067-1,shroud,1067
1068-1,suitable,1068
1069-1,wool,1069
1070-1,cumin,1070
1071-1,pot,1071
1072-1,air,1072
1072-2,breath,1072
1072-3,smell,1072
1073-1,foam,1073
1074-1,mattress,1074
1074-2,nest,1074
1075-1,Friday,1075
1076-1,bundle,1076
1077-1,pious,1077
1078-1,teacher,1078
1079-1,nose,1079
1080-1,and,1080
1081-1,TOP,1081
1081-2,and,1081
1082-1,GER,1082
1082-2,PFV.CVB,1082
1082-3,PROHIB,1082
1082-4,PST.UNW,1082
1082-5,PSTUNW,1082
1083-1,where,1083
1084-1,PFV.CVB.INT,1084
1085-1,suddenly,1085
1085-2,suppose,1085
1086-1,governor,1086
1087-1,governorship,1087
1088-1,little.finger,1088
1089-1,even,1089
1090-1,INT,1090
1091-1,where,1091
1092-1,where,1092
1093-1,which,1093
1094-1,all,1094
1095-1,from.there,1095
1095-2,from.where,1095
1096-1,from.nowhere,1096
1097-1,everywhere,1097
1098-1,from.where,1098
1099-1,all.OBL,1099
1099-2,everyone.OBL,1099
1100-1,all,1100
1101-1,oak,1101
1102-1,curse,1102
1103-1,where.and.what,1103
1104-1,so.much,1104
1105-1,empty,1105
1106-1,such,1106
1107-1,such,1107
1108-1,so,1108
1109-1,DEM1.ISG.OBL,1109
1109-2,he.OBL,1109
1110-1,how.much,1110
1111-1,when,1111
1112-1,always,1112
1113-1,always,1113
1114-1,come,1114
1115-1,DEM1.IISG.OBL,1115
1116-1,on.that.day,1116
1117-1,at.that.time,1117
1117-2,then,1117
1118-1,of.that.time,1118
1119-1,at.night,1119
1119-2,evening,1119
1120-1,give,1120
1120-2,sell,1120
1121-1,MSD,1121
1122-1,DEF,1122
1123-1,green,1123
1124-1,cloth,1124
1125-1,fabric,1125
1126-1,hither,1126
1127-1,GER.PURP,1127
1127-2,PURP.CVB,1127
1128-1,be.ashamed,1128
1129-1,be.ashamed,1129
1130-1,narrow,1130
1131-1,PURP.CVB,1131
1132-1,bliss,1132
1132-2,delicacy,1132
1133-1,PROHIB,1133
1134-1,louse,1134
1135-1,lice.and.fleas,1135
1136-1,saliva,1136
1137-1,TOP,1137
1138-1,ANT.CVB,1138
1139-1,honey,1139
1140-1,henchman,1140
1141-1,complaint,1141
1142-1,witness,1142
1143-1,proof,1143
1144-1,CND.CVB,1144
1144-2,CNDCVB,1144
1145-1,ashes,1145
1146-1,IMPR,1146
1147-1,father,1147
1148-1,threshing.floor,1148
1149-1,become.clean,1149
1150-1,drive,1150
1150-2,urge,1150
1151-1,ten,1151
1152-1,ten.OBL,1152
1153-1,do,1153
1154-1,do,1154
1155-1,chief,1155
1156-1,gape,1156
1157-1,oh,1157
1158-1,nail,1158
1159-1,beat,1159
1159-2,hit,1159
1160-1,remove,1160
1160-2,steal,1160
1160-3,steal.from,1160
1161-1,be.in.time,1161
1161-2,escape,1161
1161-3,go.away,1161
1161-4,lose,1161
1162-1,timber,1162
1163-1,hit.several.times,1163
1164-1,CND,1164
1165-1,hen,1165
1166-1,become,1166
1166-2,begin,1166
1166-3,happen,1166
1167-1,stick,1167
1168-1,heavy,1168
1169-1,be.heavy,1169
1170-1,skull,1170
1171-1,pond,1171
1172-1,height,1172
1173-1,high,1173
1174-1,high,1174
1175-1,high,1175
1176-1,small.room,1176
1177-1,rejection,1177
1178-1,bring,1178
1178-2,get,1178
1178-3,marry,1178
1179-1,run.away,1179
1180-1,chase,1180
1181-1,oh.ho.hoy,1181
1182-1,army,1182
1183-1,eye,1183
1184-1,feel.cold,1184
1184-2,freeze,1184
1185-1,nine,1185
1186-1,nine,1186
1187-1,cold,1187
1188-1,freeze,1188
1189-1,cold,1189
1190-1,grass,1190
1191-1,bend,1191
1192-1,be.sick,1192
1192-2,hurt,1192
1193-1,half,1193
1194-1,appear,1194
1194-2,let.appear,1194
1194-3,pull.out,1194
1194-4,push.out,1194
1195-1,half,1195
1196-1,expose,1196
1197-1,appear,1197
1198-1,divide,1198
1199-1,sick,1199
1200-1,middle,1200
1201-1,half,1201
1202-1,middle,1202
1203-1,worry,1203
1204-1,clean.up,1204
1204-2,cross,1204
1204-3,hatch,1204
1204-4,spend.time,1204
1204-5,take.away,1204
1205-1,pull.out,1205
1206-1,come.off,1206
1207-1,argue,1207
1208-1,thigh,1208
1209-1,copper,1209
1210-1,lute,1210
1211-1,hit,1211
1212-1,poor.one,1212
1213-1,calmly,1213
1214-1,arranging,1214
1215-1,calm,1215
1215-2,calmly,1215
1216-1,calm,1216
1217-1,quiet,1217
1218-1,scarf,1218
1219-1,belongings,1219
1220-1,property,1220
1221-1,phew,1221
1222-1,use,1222
1223-1,become.sad,1223
1224-1,sadness,1224
1225-1,pipe,1225
1226-1,coward,1226
1227-1,oven,1227
1228-1,idea,1228
1229-1,deed,1229
1230-1,cattle,1230
1231-1,field,1231
1231-2,side,1231
1232-1,a.certain,1232
1232-2,some,1232
1233-1,rice,1233
1234-1,pood,1234
1235-1,phoo,1235
1236-1,phoo.phew,1236
1237-1,next.to,1237
1238-1,glide.off,1238
1239-1,thrash,1239
1240-1,explode,1240
1241-1,sound,1241
1241-2,voice,1241
1242-1,hubbub,1242
1243-1,POSS.ESS,1243
1244-1,firewood,1244
1245-1,firewood,1245
1245-2,wood,1245
1246-1,skin,1246
1247-1,fortress,1247
1248-1,POSS.VERS,1248
1249-1,guard,1249
1250-1,witch,1250
1251-1,POSS.ABL,1251
1252-1,Georgian,1252
1253-1,POSS.ABL.DIST,1253
1254-1,dawn,1254
1255-1,POSS.VERS,1255
1256-1,rain,1256
1257-1,cloudburst,1257
1258-1,beat,1258
1259-1,throat,1259
1260-1,wall,1260
1261-1,bouillon,1261
1262-1,family,1262
1263-1,family,1263
1264-1,by.accident,1264
1265-1,by.chance,1265
1266-1,cliff,1266
1267-1,laugh,1267
1268-1,laughing.and.talking,1268
1269-1,laughter,1269
1270-1,POSS.LAT,1270
1271-1,handfull,1271
1272-1,shelter,1272
1273-1,day,1273
1274-1,twenty,1274
1275-1,duty,1275
1276-1,farmstead,1276
1277-1,hungry,1277
1278-1,dry.out,1278
1279-1,get.dry,1279
1280-1,dry,1280
1281-1,twenty.OBL,1281
1282-1,kurun.karan,1282
1283-1,noise,1283
1284-1,khwa.khwa,1284
1285-1,black,1285
1286-1,black,1286
1287-1,brushwood,1287
1288-1,brushwood,1288
1289-1,boiling,1289
1290-1,hare,1290
1291-1,rough,1291
1292-1,provisions,1292
1293-1,dawn,1293
1294-1,dawn,1294
1294-2,get.up,1294
1294-3,set.in,1294
1295-1,dawn,1295
1296-1,provisions,1296
1297-1,yell,1297
1298-1,shout,1298
1298-2,sing,1298
1299-1,loudly,1299
1300-1,shout,1300
1301-1,shout,1301
1302-1,noise,1302
1303-1,erroneously,1303
1304-1,scissors,1304
1305-1,harvest,1305
1306-1,crop.and.field,1306
1307-1,noon.GEN1,1307
1308-1,at.noon.APUD.ABL,1308
1309-1,leftovers,1309
1310-1,at.noon,1310
1310-2,dinner,1310
1311-1,at.noon,1311
1311-2,for.dinner,1311
1312-1,leftovers,1312
1313-1,pillow,1313
1314-1,step,1314
1315-1,hole,1315
1316-1,leg,1316
1317-1,stream,1317
1318-1,receive,1318
1319-1,fate,1319
1320-1,bad,1320
1321-1,pencil,1321
1322-1,noose,1322
1323-1,early,1323
1324-1,lacking,1324
1325-1,body,1325
1326-1,duty,1326
1327-1,desire,1327
1328-1,cutting,1328
1329-1,EQU2,1329
1330-1,article,1330
1330-2,shelter,1330
1331-1,EQU2,1331
1332-1,settlement,1332
1333-1,POSS.ESS.DIST(?),1333
1334-1,clean.up,1334
1335-1,manner,1335
1336-1,smith,1336
1337-1,dirt,1337
1338-1,argument,1338
1339-1,argue,1339
1340-1,drum,1340
1340-2,qili,1340
1341-1,rot,1341
1342-1,armor,1342
1343-1,farewell,1343
1344-1,tar,1344
1345-1,group,1345
1346-1,partridge,1346
1347-1,crow,1347
1348-1,widowed,1348
1349-1,widow,1349
1350-1,widow,1350
1351-1,daily,1351
1352-1,carcass,1352
1353-1,funeral.feast,1353
1353-2,funeral.prayer,1353
1354-1,both,1354
1355-1,knead,1355
1355-2,press.out,1355
1356-1,throat,1356
1357-1,mule,1357
1358-1,villain,1358
1359-1,agreement,1359
1360-1,agreement,1360
1361-1,earthen.jug,1361
1362-1,force,1362
1363-1,strong,1363
1364-1,hurt,1364
1364-2,sad,1364
1364-3,sadness,1364
1365-1,sadness,1365
1366-1,sad,1366
1367-1,sadness,1367
1368-1,necessity,1368
1369-1,necessary,1369
1370-1,need,1370
1371-1,street,1371
1372-1,street.and.garden,1372
1373-1,screak,1373
1374-1,two,1374
1375-1,forty,1375
1376-1,two.at.a.time,1376
1377-1,two.or.three,1377
1378-1,for.two,1378
1379-1,spindle,1379
1380-1,dress.up,1380
1380-2,get.ready,1380
1380-3,repair,1380
1381-1,dislocate,1381
1382-1,pride,1382
1383-1,down,1383
1384-1,down,1384
1384-2,under,1384
1385-1,head,1385
1385-2,oneself,1385
1386-1,grown.up,1386
1387-1,limbs,1387
1388-1,board,1388
1388-2,floor,1388
1389-1,push,1389
1390-1,hay.bale,1390
1391-1,empty,1391
1391-2,hollow,1391
1392-1,two.OBL,1392
1393-1,two.to.three.OBL,1393
1394-1,chair,1394
1395-1,abscess,1395
1396-1,other,1396
1397-1,other,1397
1398-1,other,1398
1399-1,somwhere.else,1399
1400-1,twin,1400
1401-1,krwa.krwa,1401
1402-1,crah.crah.crah,1402
1403-1,LAT,1403
1404-1,II.PL,1404
1404-2,III.PL,1404
1404-3,IV,1404
1404-4,IV.PL,1404
1405-1,CAUS,1405
1406-1,ATTR,1406
1407-1,servant,1407
1408-1,wound,1408
1409-1,draught,1409
1410-1,at.all,1410
1411-1,no.at.all,1411
1412-1,accept,1412
1412-2,agree,1412
1413-1,ready,1413
1414-1,consent,1414
1415-1,recreation,1415
1416-1,serene,1416
1417-1,mercy,1417
1418-1,sea,1418
1419-1,earth,1419
1419-2,land,1419
1420-1,place,1420
1421-1,veranda,1421
1422-1,edge,1422
1422-2,suburb,1422
1423-1,ant,1423
1424-1,firewood,1424
1425-1,key,1425
1426-1,manure,1426
1427-1,trick,1427
1428-1,herd,1428
1429-1,peace,1429
1430-1,approach,1430
1430-2,come.to.terms,1430
1430-3,install,1430
1431-1,in.accordance.with,1431
1432-1,possibility,1432
1432-2,throat,1432
1433-1,roe,1433
1434-1,chance,1434
1435-1,vomiting,1435
1436-1,cattle.shed,1436
1437-1,quickness,1437
1438-1,sheath,1438
1439-1,ray,1439
1440-1,garbage,1440
1441-1,take.a.rest,1441
1442-1,queue,1442
1443-1,meat,1443
1444-1,hand,1444
1445-1,hands.and.fingers,1445
1446-1,glove,1446
1447-1,pair,1447
1447-2,yoke,1447
1448-1,together,1448
1449-1,have.no.time,1449
1450-1,IRR,1450
1451-1,wealth,1451
1452-1,age,1452
1453-1,cradle,1453
1454-1,honor,1454
1455-1,alder,1455
1456-1,justice,1456
1457-1,sheikh,1457
1458-1,detain,1458
1459-1,butter,1459
1460-1,equality,1460
1461-1,field,1461
1462-1,heart,1462
1463-1,banquet,1463
1463-2,fun,1463
1464-1,step,1464
1465-1,burden,1465
1466-1,foot,1466
1467-1,fly,1467
1468-1,base,1468
1469-1,rope,1469
1470-1,frost,1470
1471-1,word,1471
1472-1,half,1472
1473-1,at.midnight,1473
1474-1,disease,1474
1475-1,love,1475
1476-1,PST.PRT,1476
1477-1,learn,1477
1477-2,teach,1477
1478-1,roar,1478
1479-1,cubit,1479
1480-1,bundle,1480
1481-1,IMM.ANT.CVB,1481
1482-1,carpet,1482
1483-1,Friday,1483
1484-1,power,1484
1484-2,soul,1484
1485-1,living,1485
1486-1,strenght,1486
1487-1,MSD,1487
1488-1,MSD,1488
1489-1,prints,1489
1490-1,threshing.floor,1490
1491-1,drill,1491
1492-1,GEN1,1492
1493-1,PST.WIT,1493
1494-1,blanket,1494
1495-1,amulet,1495
1496-1,for.the.sake.of,1496
1497-1,patience,1497
1498-1,all,1498
1498-2,together,1498
1499-1,all,1499
1499-2,together,1499
1500-1,with,1500
1501-1,alms,1501
1502-1,funeral.ceremony,1502
1503-1,...peace,1503
1504-1,greeting,1504
1505-1,soldier,1505
1506-1,comfortable,1506
1507-1,chance,1507
1508-1,journey,1508
1509-1,noise,1509
1510-1,in.the.morning,1510
1510-2,tomorrow,1510
1511-1,in.the.morning,1511
1512-1,early.morning,1512
1513-1,gloomy,1513
1514-1,get.dark,1514
1515-1,darkness,1515
1516-1,dark,1516
1517-1,present,1517
1518-1,present,1518
1519-1,sah,1519
1520-1,cure,1520
1521-1,healthy,1521
1522-1,present,1522
1523-1,health,1523
1524-1,hour,1524
1525-1,autumn,1525
1526-1,unlock,1526
1527-1,unlock.and.lock,1527
1528-1,ATTR,1528
1528-2,LNK,1528
1529-1,one.OBL,1529
1530-1,one.day,1530
1531-1,in.one.place,1531
1532-1,one.or.two.OBL,1532
1533-1,other,1533
1534-1,the.other.one,1534
1535-1,waterskin,1535
1536-1,maize,1536
1537-1,appearance,1537
1538-1,shape,1538
1539-1,mare,1539
1540-1,horses,1540
1541-1,one,1541
1542-1,other,1542
1543-1,any,1543
1543-2,anyone,1543
1543-3,anything,1543
1544-1,one.at.a.time,1544
1544-2,one.each,1544
1545-1,alone,1545
1546-1,lonely,1546
1547-1,some,1547
1548-1,sly.person,1548
1549-1,cunning,1549
1550-1,cunning.II,1550
1551-1,slyness,1551
1552-1,each.OBL,1552
1553-1,above,1553
1554-1,after,1554
1554-2,upward,1554
1555-1,after,1555
1555-2,upward,1555
1556-1,soap,1556
1557-1,again,1557
1557-2,at.first,1557
1557-3,once,1557
1558-1,once,1558
1559-1,first,1559
1560-1,question,1560
1561-1,painting,1561
1561-2,picture,1561
1562-1,celebration,1562
1563-1,singing.and.dancing,1563
1564-1,at.once,1564
1564-2,immediately,1564
1564-3,suddenly,1564
1565-1,enough,1565
1565-2,long,1565
1566-1,fortune,1566
1566-2,happiness,1566
1567-1,happy,1567
1568-1,toastmaster,1568
1569-1,pistol,1569
1570-1,astonished,1570
1570-2,be.surprised,1570
1571-1,wonder,1571
1572-1,punishment,1572
1573-1,punishment,1573
1574-1,far.away,1574
1574-2,over.there,1574
1575-1,over.there,1575
1576-1,hither.and.thither,1576
1577-1,except.for,1577
1578-1,upbringing,1578
1579-1,warmth,1579
1580-1,warmthen.oneself,1580
1581-1,hot,1581
1582-1,cheerfulness,1582
1582-2,power,1582
1583-1,without,1583
1584-1,patience,1584
1585-1,bed,1585
1585-2,ottoman,1585
1586-1,hear,1586
1587-1,listen.to,1587
1588-1,aloud,1588
1589-1,inside,1589
1590-1,inside,1590
1591-1,into,1591
1591-2,to.the.inside,1591
1592-1,into,1592
1593-1,give,1593
1593-2,sell,1593
1594-1,sell,1594
1595-1,EMPH,1595
1596-1,be.careless,1596
1597-1,weak,1597
1598-1,shop,1598
1599-1,copper.jug,1599
1600-1,rifle,1600
1601-1,prison,1601
1602-1,be.stained,1602
1603-1,dirt,1603
1604-1,habit,1604
1605-1,enemy,1605
1606-1,DISTR,1606
1607-1,nature,1607
1608-1,glass,1608
1609-1,floor,1609
1610-1,care,1610
1611-1,leaflet,1611
1612-1,force,1612
1613-1,stain,1613
1614-1,knife,1614
1615-1,thither,1615
1616-1,washbowl,1616
1617-1,peacock,1617
1618-1,from.here,1618
1619-1,from.here,1619
1620-1,combined,1620
1620-2,tie,1620
1621-1,taste,1621
1622-1,dissappear,1622
1623-1,he.goat,1623
1624-1,cautiousness,1624
1625-1,biennial.goat,1625
1626-1,milk,1626
1627-1,count,1627
1627-2,learn,1627
1627-3,read,1627
1628-1,waterskin,1628
1629-1,caprice,1629
1630-1,destroy,1630
1631-1,clutch,1631
1632-1,fell,1632
1633-1,cut.into.pieces,1633
1634-1,shrubbery,1634
1635-1,piece,1635
1636-1,here,1636
1636-2,there,1636
1637-1,more,1637
1638-1,anymore,1638
1638-2,more,1638
1639-1,span,1639
1640-1,here.ATTR,1640
1641-1,full,1641
1642-1,fulfill,1642
1642-2,fulfillment,1642
1643-1,pigeon,1643
1644-1,fly,1644
1645-1,IMPR,1645
1646-1,kiss,1646
1647-1,groaning,1647
1648-1,moan,1648
1649-1,groaning,1649
1650-1,see,1650
1651-1,appoint,1651
1651-2,show,1651
1652-1,silver,1652
1653-1,precious.jewelry,1653
1654-1,gold.and.silver,1654
1654-2,jewel,1654
1655-1,country,1655
1656-1,really,1656
1657-1,sick,1657
1658-1,illness,1658
1659-1,be.sick,1659
1660-1,close,1660
1661-1,shut,1661
1662-1,hide,1662
1663-1,hide,1663
1664-1,hide,1664
1665-1,sack,1665
1666-1,thinking,1666
1667-1,sorrow,1667
1668-1,thinking,1668
1669-1,expert,1669
1669-2,master,1669
1670-1,master,1670
1671-1,return,1671
1671-2,turn,1671
1671-3,turn.back,1671
1672-1,have.time,1672
1673-1,begin,1673
1673-2,gather,1673
1673-3,give.back,1673
1673-4,turn,1673
1673-5,wrap,1673
1674-1,turn,1674
1675-1,collect,1675
1675-2,rip.out,1675
1676-1,true,1676
1677-1,gratis,1677
1677-2,indeed,1677
1677-3,just,1677
1678-1,four,1678
1679-1,four.to.five.OBL,1679
1680-1,simple,1680
1681-1,true,1681
1682-1,alright,1682
1682-2,straight,1682
1683-1,really,1683
1684-1,share,1684
1685-1,boy,1685
1685-2,son,1685
1686-1,bow.down,1686
1687-1,son.ship,1687
1688-1,brotherhood,1688
1689-1,male.cousin,1689
1690-1,wallah,1690
1691-1,wallah,1691
1692-1,by.God,1692
1693-1,camel,1693
1694-1,testament,1694
1695-1,legacy,1695
1696-1,o.dear,1696
1697-1,vizier,1697
1698-1,whoa,1698
1699-1,below,1699
1700-1,below,1700
1701-1,laughter,1701
1702-1,and.with.you...,1702
1703-1,bleat,1703
1704-1,bleat,1704
1705-1,look.out,1705
1705-2,look.out.IMP,1705
1706-1,well,1706
1707-1,hey,1707
1708-1,province,1708
1709-1,witwish,1709
1710-1,vizier,1710
1711-1,downward,1711
1712-1,AD.ESS,1712
1713-1,ADV,1713
1714-1,GER,1714
1714-2,IPFV.CVB,1714
1714-3,PRS,1714
1715-1,INT,1715
1716-1,story,1716
1717-1,talk,1717
1717-2,tell,1717
1718-1,examination,1718
1719-1,mat,1719
1720-1,people,1720
1721-1,khan,1721
1722-1,bite,1722
1723-1,NEG.PRS.PRT,1723
1723-2,NEG.PRSPRT,1723
1724-1,NEG.PRS.PRT.OBL,1724
1724-2,NEG.PRSPRT.OBL,1724
1725-1,khanate,1725
1725-2,khanship,1725
1725-3,throne,1725
1726-1,AD.VERS,1726
1727-1,scythe,1727
1728-1,omelette,1728
1729-1,AD.ABL,1729
1730-1,benefit,1730
1731-1,AD.VERS.DIST,1731
1732-1,AD.ABL.DIST,1732
1733-1,treasure,1733
1734-1,AD.VERS,1734
1735-1,enough,1735
1736-1,go.up,1736
1736-2,leave,1736
1737-1,husband,1737
1738-1,glue,1738
1739-1,child,1739
1739-2,children,1739
1740-1,young.animal,1740
1741-1,quickness,1741
1741-2,urgence,1741
1742-1,suck,1742
1743-1,expensive,1743
1744-1,nurse,1744
1745-1,valuable,1745
1746-1,exchange,1746
1747-1,change,1747
1748-1,attempt,1748
1749-1,reflection,1749
1750-1,betraying,1750
1751-1,behind,1751
1751-2,from.behind,1751
1752-1,behind,1752
1752-2,from.behind,1752
1753-1,behind,1753
1753-2,from.behind,1753
1754-1,behind,1754
1754-2,from.behind,1754
1755-1,finally,1755
1756-1,push.back,1756
1757-1,back,1757
1758-1,future.OBL,1758
1759-1,back,1759
1760-1,withdraw,1760
1761-1,back,1761
1762-1,after,1762
1762-2,afterwards,1762
1763-1,after,1763
1764-1,again,1764
1764-2,then,1764
1765-1,behind,1765
1766-1,backwards,1766
1767-1,behind,1767
1768-1,***,1768
1769-1,too.much,1769
1770-1,AD.LAT,1770
1771-1,PRS.PRT,1771
1772-1,foot,1772
1773-1,SEQ,1773
1774-1,get.seperated,1774
1775-1,PRS.PRT.OBL,1775
1776-1,comb,1776
1777-1,comb.and.spin,1777
1778-1,rescue,1778
1779-1,II,1779
1780-1,either,1780
1780-2,neither,1780
1781-1,well,1781
1782-1,PST.WIT.Q,1782
1783-1,female.cousin,1783
1784-1,or,1784
1785-1,today,1785
1786-1,today,1786
1787-1,ruby,1787
1788-1,weapon,1788
1789-1,orphanhood,1789
1790-1,poverty,1790
1791-1,conscience,1791
1791-2,patience,1791
1792-1,else,1792
1793-1,DEM2.ISG,1793
1794-1,DEM2.IISG,1794
1795-1,II,1795
1796-1,he,1796
1797-1,DEM2.ISG.OBL,1797
1798-1,DEM2.IIPL.OBL,1798
1799-1,DEM2.IPL,1799
1799-2,DEM2.IPL.OBL,1799
1800-1,DEM2.IIPL,1800
1800-2,DEM2.PL,1800
1801-1,DEM2.IPL,1801
1801-2,they,1801
1802-1,DEM2.IISG.OBL,1802
1803-1,amble,1803
1804-1,be,1804
1805-1,however,1805
1805-2,if,1805
1805-3,indeed,1805
1806-1,if,1806
1807-1,COND.IRR,1807
1808-1,find,1808
1809-1,floor,1809
1810-1,and(?),1810
1811-1,GEN2,1811
1812-1,DIST,1812
1813-1,ZA,1813
1814-1,LCV,1814
1814-2,LCV.CVB,1814
1815-1,express,1815
1816-1,poison,1816
1817-1,time,1817
1818-1,time.to.time,1818
1819-1,from.time.to.time,1819
1820-1,sacred,1820
1821-1,Zam.Zam,1821
1822-1,persist,1822
1823-1,strong,1823
1824-1,firmly,1824
1825-1,CSL.CVB,1825
1826-1,harm,1826
1827-1,crushed.stone,1827
1828-1,SIM.CVB,1828
1829-1,LOC.ORIG,1829
1830-1,trouble,1830
1831-1,difficult,1831
1832-1,CSL.CVB,1832
1833-1,POST.CVB,1833
1834-1,poison,1834
1835-1,sickly,1835
1836-1,running,1836
1837-1,jerk,1837
1838-1,become.dark,1838
1839-1,accompanying,1839
1840-1,company,1840
1841-1,shuddering,1841
1842-1,bouza,1842
1843-1,bear,1843
1844-1,SIM.CVB,1844
1844-2,SIMCVB,1844
1845-1,wineskin,1845
1846-1,complaint,1846
1846-2,condolence,1846
1847-1,complaint,1847
1848-1,complain,1848
1849-1,hail,1849
1850-1,religious.recitation,1850
1851-1,fox,1851
1852-1,cow,1852
1853-1,visit,1853
1854-1,ATTR.OBL,1854
1855-1,mug,1855
1856-1,be.NPRS,1856
1856-2,be.PST,1856
1856-3,ride,1856
1857-1,seat,1857
1858-1,moss,1858
1859-1,root,1859
1860-1,tyranny,1860
1861-1,zurna,1861
1862-1,zurna.and.drum,1862
1863-1,know.FUTIND,1863
1864-1,ORD,1864
1865-1,several,1865
1866-1,date,1866
1867-1,deer,1867
1867-2,she.goat,1867
1868-1,hunt,1868
1869-1,pocket,1869
1870-1,ability,1870
1870-2,possibility,1870
1871-1,balcony,1871
1872-1,turban,1872
1873-1,beg,1873
1874-1,beg,1874
1875-1,INTS,1875
1876-1,dense,1876
1877-1,bitch,1877
1878-1,INT,1878
1879-1,stream,1879
1880-1,straw,1880
1881-1,soup,1881
1882-1,reveal,1882
1883-1,notice,1883
1883-2,turn.out,1883
1884-1,whip,1884
1885-1,loosen,1885
1886-1,pour.out,1886
1886-2,rush,1886
1886-3,throw,1886
1887-1,spill,1887
1888-1,scatter,1888
1889-1,splash,1889
1890-1,alive,1890
1891-1,alive,1891
1892-1,living,1892
1893-1,alive,1893
1894-1,bore,1894
1894-2,harass,1894
1895-1,boredom,1895
1896-1,fall.down,1896
1896-2,hit,1896
1897-1,kill,1897
1897-2,let.fall,1897
1898-1,shake,1898
1899-1,wakeness,1899
1900-1,wake.up,1900
1901-1,wake.up,1901
1902-1,squeak,1902
1903-1,bowel,1903
1904-1,INTS,1904
1905-1,clay,1905
1905-2,earth,1905
1906-1,collective.help,1906
1907-1,NEG.PST.CVB,1907
1907-2,NEG.PST.UNW,1907
1907-3,NEG.PSTUNW,1907
1908-1,convinced[?],1908
1909-1,NEG.FUT,1909
1909-2,NEG.FUT.CVB,1909
1910-1,glass,1910
1910-2,mirror,1910
1911-1,flea,1911
1912-1,edge,1912
1913-1,corner,1913
1914-1,ribbon,1914
1915-1,Chirin,1915
1916-1,fruit,1916
1917-1,get.tight,1917
1918-1,fasten,1918
1919-1,clothes,1919
1920-1,NEG.PST.WIT,1920
1921-1,illuminate,1921
1922-1,light,1922
1923-1,in.the.morning,1923
1924-1,NEG.PST.WIT,1924
1925-1,gorgeous,1925
1925-2,proud,1925
1926-1,be.proud,1926
1927-1,ruin,1927
1928-1,split,1928
1929-1,be.cut,1929
1930-1,in.the.morning,1930
1931-1,Hassan,1931
1932-1,Mountain.Hero,1932
1933-1,Hussein,1933
1934-1,preparation,1934
1934-2,prepare,1934
1935-1,prepared,1935
1936-1,preparation,1936
1937-1,khinkali,1937
1938-1,condition,1938
1938-2,help,1938
1938-3,strength,1938
1938-4,trouble,1938
1939-1,be.permitted,1939
1940-1,permitted,1940
1941-1,meager,1941
1942-1,thin,1942
1943-1,with.difficulties,1943
1944-1,by.wonder?,1944
1945-1,mean,1945
1946-1,water,1946
1947-1,get.drunk,1947
1948-1,with.difficulty,1948
1949-1,even,1949
1950-1,calm.down,1950
1951-1,relaxation,1951
1952-1,might,1952
1953-1,work,1953
1954-1,worker,1954
1955-1,strength,1955
1956-1,chest,1956
1957-1,hot.springs,1957
1958-1,cough,1958
1959-1,breast,1959
1960-1,sin,1960
1961-1,prohibition,1961
1962-1,prohibited,1962
1963-1,abundant,1963
1964-1,be.astonished,1964
1965-1,animal,1965
1966-1,gnaw,1966
1966-2,scratch,1966
1967-1,hajj,1967
1968-1,necessary,1968
1969-1,necessity,1969
1970-1,necessary,1970
1971-1,necessary,1971
1972-1,need,1972
1973-1,exchange,1973
1974-1,organize,1974
1974-2,push,1974
1975-1,put,1975
1976-1,drink,1976
1977-1,eat.and.drink,1977
1978-1,eat.and.drink,1978
1979-1,hardly,1979
1980-1,politely,1980
1981-1,hajj,1981
1982-1,running,1982
1983-1,wonder,1983
1984-1,astonishment,1984
1985-1,trickery,1985
1986-1,deception,1986
1987-1,tombstone,1987
1988-1,danger,1988
1989-1,shoulder,1989
1990-1,pan,1990
1991-1,lock,1991
1992-1,be.over,1992
1993-1,handkerchief,1993
1994-1,oven,1994
1995-1,leg,1995
1996-1,mat,1996
1997-1,breast,1997
1998-1,mountain,1998
1999-1,pasture,1999
2000-1,stick,2000
2001-1,hides,2001
2002-1,hide,2002
2003-1,shout,2003
2004-1,shout,2004
2005-1,shout,2005
2006-1,country,2006
2007-1,decision,2007
2008-1,scoop,2008
2009-1,feather,2009
2010-1,camel,2010
2011-1,dust,2011
2012-1,respect,2012
2013-1,basin,2013
2014-1,bag,2014
2015-1,burn,2015
2016-1,cheek,2016
2017-1,face.and.hands,2017
2018-1,yesterday,2018
2019-1,CONT.ESS,2019
2020-1,ITR,2020
2020-2,POT,2020
2021-1,DUB,2021
2022-1,who.OBL,2022
2023-1,wind,2023
2024-1,light.headed.person,2024
2025-1,wind,2025
2026-1,what.OBL,2026
2027-1,pregnant,2027
2028-1,fade,2028
2029-1,mind,2029
2030-1,CONT.ABL,2030
2031-1,acquaintance,2031
2032-1,CONT.ESS.DIST,2032
2033-1,CONT.VERS.DIST,2033
2034-1,CONT.ABL.DIST,2034
2035-1,forget,2035
2035-2,leave.behind,2035
2036-1,Tlyarata,2036
2037-1,stir,2037
2038-1,begin,2038
2039-1,sheath,2039
2040-1,by.foot,2040
2041-1,otherwise,2041
2041-2,then.would,2041
2042-1,five,2042
2043-1,five.or.six,2043
2044-1,CONT.LAT,2044
2045-1,five.OBL,2045
2046-1,five.or.six.OBL,2046
2047-1,pick,2047
2048-1,trample.down,2048
2049-1,clutch,2049
2049-2,grasp,2049
2050-1,glue,2050
2051-1,NMLZ,2051
2052-1,water,2052
2053-1,CND.CVB.IRR,2053
2054-1,wrestling,2054
2055-1,wrestler,2055
2056-1,join,2056
2057-1,intervene,2057
2058-1,CNC.CVB,2058
2059-1,what.ERG,2059
2059-2,what.OBL,2059
2060-1,why,2060
2061-1,why,2061
2062-1,how,2062
2063-1,why,2063
2064-1,what(?),2064
2065-1,CND.CVB.IRR,2065
2066-1,end,2066
2067-1,finish,2067
2068-1,ditch,2068
2069-1,thrice,2069
2070-1,three.or.four.times,2070
2071-1,dance,2071
2072-1,frog,2072
2073-1,who.ERG,2073
2073-2,who.OBL,2073
2074-1,someone,2074
2075-1,LHUN,2075
2076-1,hurt,2076
2077-1,CONT.VERS,2077
2078-1,three,2078
2079-1,sixty,2079
2080-1,three.or.four,2080
2081-1,for.three,2081
2082-1,three.OBL,2082
2083-1,three.or.four.OBL,2083
2084-1,Shapkilaw,2084
2085-1,wine,2085
2086-1,city,2086
2087-1,suspicion,2087
2088-1,Sharia.court,2088
2089-1,ATTR,2089
2090-1,devil,2090
2091-1,sheikh,2091
2092-1,what,2092
2092-2,who,2092
2093-1,thing,2093
2094-1,something,2094
2095-1,what.and.how,2095
2096-1,dump,2096
2096-2,pile,2096
2097-1,around,2097
2098-1,around,2098
2099-1,around,2099
2100-1,around,2100
2101-1,around.and.around,2101
2102-1,what,2102
2103-1,shake,2103
2104-1,dance,2104
2105-1,clothing,2105
2106-1,put.on,2106
2107-1,clothes,2107
2108-1,every,2108
2109-1,wall,2109
2110-1,why,2110
2111-1,horn,2111
2112-1,every,2112
2113-1,lame,2113
2114-1,limp,2114
2115-1,plate,2115
2116-1,get.stuck,2116
2117-1,stick,2117
2118-1,how.many,2118
2119-1,how.often,2119
2120-1,what,2120
2120-2,who,2120
2121-1,grave,2121
2122-1,graveyard,2122
2123-1,patience,2123
2124-1,get.strong,2124
2125-1,strong,2125
2126-1,rustle,2126
2127-1,bury,2127
2128-1,bury,2128
2129-1,demolish,2129
2130-1,forget,2130
2131-1,forget,2131
2132-1,Jabulaw,2132
2133-1,Jamal,2133
2134-1,Jungutav,2134
2135-1,DEM1.SG,2135
2136-1,assembly,2136
2136-2,population,2136
2137-1,wild.animal,2137
2138-1,corpse,2138
2139-1,today,2139
2140-1,answer,2140
2141-1,pearl,2141
2142-1,conflict,2142
2143-1,DEF1.IISG,2143
2144-1,DEM1.IIPL.OBL,2144
2145-1,DEM1.IIPL,2145
2145-2,DEM1.IIPL.OBL,2145
2145-3,DEM1.IPL,2145
2145-4,DEM1.IPL.OBL,2145
2146-1,beat,2146
2147-1,man,2147
2148-1,free.oneself,2148
2148-2,shake.oneself,2148
2149-1,ponytail,2149
2150-1,now,2150
2151-1,again,2151
2151-2,already,2151
2151-3,now,2151
2152-1,again.now,2152
2153-1,once.again,2153
2154-1,pocket,2154
2155-1,again,2155
2155-2,now,2155
2156-1,rib,2156
2157-1,everyone,2157
2158-1,this.year,2158
2159-1,dense,2159
2160-1,liver,2160
2161-1,strongly,2161
2161-2,worse,2161
2162-1,worse,2162
2163-1,bad,2163
2164-1,to.spite,2164
2165-1,evil,2165
2166-1,hell,2166
2167-1,still,2167
2168-1,SUB.ESS,2168
2169-1,OPT,2169
2170-1,go.IMPR,2170
2171-1,INDEF,2171
2172-1,INDEF,2172
2173-1,QUOT,2173
2174-1,SUB.ABL,2174
2175-1,SUB.VERS,2175
2176-1,tear.to.pieces,2176
2177-1,torn,2177
2178-1,feel.up,2178
2179-1,bridge,2179
2180-1,lamb,2180
2181-1,SUB.LAT,2181
2182-1,ceiling,2182
2183-1,log,2183
2184-1,remain,2184
2185-1,remain,2185
2186-1,pour,2186
2187-1,exploit,2187
2188-1,QUOT,2188
2189-1,comrade,2189
2189-2,guest,2189
2190-1,hospitality,2190
2191-1,guest,2191
2192-1,carry,2192
2192-2,pull,2192
2193-1,drag,2193
2194-1,pan,2194
2195-1,skirmish,2195
2196-1,rustling,2196
2196-2,shivering,2196
2197-1,bone,2197
2198-1,bone.leftovers,2198
2199-1,give.birth,2199
2200-1,SUB.LAT,2200
2201-1,SUB.ESS.DIST,2201
2202-1,SUB.ABL.DIST,2202
2203-1,leaf,2203
2203-2,year,2203
2204-1,yearly,2204
2205-1,war,2205
2206-1,SUPER.ESS,2206
2207-1,PCT.CVB,2207
2208-1,SUPER.VERS,2208
2209-1,ear.of.corn,2209
2210-1,fat,2210
2211-1,caprice,2211
2212-1,SUPER.ABL,2212
2213-1,SUPER.ESS.DIST,2213
2214-1,SUPER.VERS.DIST,2214
2215-1,SUPER.LAT.DIST,2215
2216-1,SUPER.ABL.DIST,2216
2217-1,tear.apart,2217
2218-1,SUPER.VERS,2218
2219-1,malt,2219
2220-1,hayloft,2220
2221-1,color,2221
2222-1,saddle,2222
2223-1,saddle.and.stuff,2223
2224-1,cover,2224
2225-1,above,2225
2225-2,on,2225
2226-1,above,2226
2226-2,on,2226
2227-1,from.above,2227
2228-1,from.above,2228
2229-1,downwards,2229
2230-1,down,2230
2231-1,get.crushed,2231
2232-1,forehead,2232
2233-1,SUPER.LAT,2233
2234-1,SIM.CVB,2234
2235-1,huge,2235
2236-1,downward,2236
2237-1,roof,2237
2238-1,mistake,2238
2239-1,lion,2239
2240-1,box,2240
2241-1,drown,2241
2241-2,strangle,2241
2242-1,servant,2242
2243-1,shade,2243
2244-1,pile,2244
2245-1,dirt,2245
2246-1,sieve,2246
2247-1,wish,2247
2248-1,slowly,2248
2249-1,slowly,2249
2250-1,lime.tree,2250
2251-1,truss,2251
2252-1,greasy,2252
2253-1,other,2253
2254-1,IN.ALL,2254
2255-1,there,2255
2256-1,make.red.hot,2256
2257-1,become.red.hot,2257
2258-1,hot,2258
2259-1,tomorrow,2259
2260-1,daily,2260
2261-1,day,2261
2262-1,at.midnight,2262
2263-1,hind.leg,2263
2263-2,tree,2263
2264-1,plants,2264
2265-1,cows,2265
2266-1,cattle,2266
2267-1,winter.pasture,2267
2268-1,pass.away,2268
2269-1,noise,2269
2270-1,big.chain,2270
2271-1,crow,2271
2272-1,saddle,2272
2273-1,saddle,2273
2274-1,woman,2274
2275-1,married.couple,2275
2276-1,milk,2276
2277-1,endure,2277
2278-1,be.happy,2278
2279-1,disturbance,2279
2280-1,stick,2280
2281-1,goat.wool,2281
2282-1,stone,2282
2283-1,hornless.goat,2283
2284-1,ruble,2284
2285-1,house,2285
2285-2,room,2285
2286-1,stick,2286
2287-1,muddy,2287
2288-1,crow,2288
2289-1,hook,2289
2290-1,dog,2290
2291-1,chewing,2291
2292-1,he.goat,2292
2293-1,Ali,2293
2294-1,Aliqilich,2294
2295-1,Arabuzan,2295
2296-1,Atid,2296
2297-1,Awdunasir,2297
2298-1,Achabatli,2298
2299-1,Isaqilich,2299
2300-1,Umar,2300
2301-1,Umarqilich,2301
2302-1,Uneyzat,2302
2303-1,coin,2303
2304-1,fool,2304
2305-1,in.vain,2305
2305-2,to.no.purpose,2305
2306-1,intoxication,2306
2307-1,intoxication,2307
2308-1,stupid,2308
2309-1,respect,2309
2310-1,order,2310
2311-1,related,2311
2312-1,relatives,2312
2313-1,amazement,2313
2313-2,feature,2313
2313-3,miracle,2313
2314-1,clearing,2314
2315-1,...be.with.you,2315
2316-1,lake,2316
2317-1,trained,2317
2318-1,coal,2318
2319-1,behaviour,2319
2320-1,character,2320
2321-1,character.and.discipline,2321
2322-1,walking.stick,2322
2323-1,stupid,2323
2324-1,stupidity,2324
2325-1,intelligent,2325
2326-1,intelligence,2326
2327-1,advice,2327
2327-2,mind,2327
2328-1,torture,2328
2329-1,Arabic,2329
2330-1,cannon,2330
2331-1,complaint,2331
2332-1,fault,2332
2333-1,torture,2333
2334-1,thousand,2334
2335-1,passionate,2335
2336-1,surprise,2336
2337-1,amazing,2337
2338-1,surprise,2338
2339-1,village,2339
2340-1,seven,2340
2341-1,village.and.place,2341
2342-1,quick,2342
2343-1,hurrying,2343
2344-1,science,2344
2345-1,listen,2345
2346-1,be.enough,2346
2347-1,many,2347
2347-2,much,2347
2348-1,enough,2348
2349-1,reason,2349
2350-1,science.and.knowledge,2350
2351-1,cry,2351
2352-1,cry,2352
2353-1,love,2353
2354-1,ax,2354
2355-1,for.the.sake.of,2355
2356-1,young.person,2356
2357-1,young,2357
2358-1,young,2358
2359-1,donkey,2359
2360-1,young.man,2360
2361-1,handle,2361
2362-1,seven.OBL,2362
2363-1,seven,2363
2364-1,village,2364
2365-1,spindle,2365
2366-1,spindle.and.wool,2366
2367-1,life,2367
2368-1,merriment,2368
2369-1,many,2369
2369-2,much,2369
2369-3,very,2369
2370-1,border,2370
2371-1,deficiency,2371
2372-1,in.time,2372
2373-1,accumulate,2373
2373-2,show.up,2373
2374-1,much,2374
2375-1,strike,2375
2376-1,sweep.with,2376
2377-1,quickly,2377
2378-1,harness,2378
2379-1,saddle,2379
2380-1,fall,2380
2381-1,open,2381
2382-1,lower,2382
2383-1,fall,2383
2384-1,let.fall,2384
2385-1,stumble,2385
2386-1,be.afraid,2386
2387-1,scare,2387
2388-1,—,2388
